CUSTOMER_ID,CHURN_SCORE_TXT,LIFETIME_VALUE_TXT,SEGMENT_CODE,FEATURE_NOTES
1,0.13,573.25,S1,Deterministic synthetic feature row for demonstration.
2,0.26,646.50,S2,Deterministic synthetic feature row for demonstration.
3,0.39,719.75,S3,Deterministic synthetic feature row for demonstration.
4,0.52,793.00,S4,Deterministic synthetic feature row for demonstration.
5,0.65,866.25,S1,Deterministic synthetic feature row for demonstration.
6,0.78,939.50,S2,Deterministic synthetic feature row for demonstration.
7,0.91,1012.75,S3,Deterministic synthetic feature row for demonstration.
8,0.04,1086.00,S4,Deterministic synthetic feature row for demonstration.
9,0.17,1159.25,S1,Deterministic synthetic feature row for demonstration.
10,0.30,1232.50,S2,Deterministic synthetic feature row for demonstration.
11,0.43,1305.75,S3,Deterministic synthetic feature row for demonstration.
12,0.56,1379.00,S4,Deterministic synthetic feature row for demonstration.
13,0.69,1452.25,S1,Deterministic synthetic feature row for demonstration.
14,0.82,1525.50,S2,Deterministic synthetic feature row for demonstration.
15,0.95,1598.75,S3,Deterministic synthetic feature row for demonstration.
16,0.08,1672.00,S4,Deterministic synthetic feature row for demonstration.
17,0.21,1745.25,S1,Deterministic synthetic feature row for demonstration.
18,0.34,1818.50,S2,Deterministic synthetic feature row for demonstration.
19,0.47,1891.75,S3,Deterministic synthetic feature row for demonstration.
20,0.60,1965.00,S4,Deterministic synthetic feature row for demonstration.
21,0.73,2038.25,S1,Deterministic synthetic feature row for demonstration.
22,0.86,2111.50,S2,Deterministic synthetic feature row for demonstration.
23,0.99,2184.75,S3,Deterministic synthetic feature row for demonstration.
24,0.12,2258.00,S4,Deterministic synthetic feature row for demonstration.
25,0.25,2331.25,S1,Deterministic synthetic feature row for demonstration.
26,0.38,2404.50,S2,Deterministic synthetic feature row for demonstration.
27,0.51,2477.75,S3,Deterministic synthetic feature row for demonstration.
28,0.64,2551.00,S4,Deterministic synthetic feature row for demonstration.
29,0.77,2624.25,S1,Deterministic synthetic feature row for demonstration.
30,0.90,2697.50,S2,Deterministic synthetic feature row for demonstration.
31,0.03,2770.75,S3,Deterministic synthetic feature row for demonstration.
32,0.16,2844.00,S4,Deterministic synthetic feature row for demonstration.
33,0.29,2917.25,S1,Deterministic synthetic feature row for demonstration.
34,0.42,2990.50,S2,Deterministic synthetic feature row for demonstration.
35,0.55,3063.75,S3,Deterministic synthetic feature row for demonstration.
36,0.68,3137.00,S4,Deterministic synthetic feature row for demonstration.
37,0.81,3210.25,S1,Deterministic synthetic feature row for demonstration.
38,0.94,3283.50,S2,Deterministic synthetic feature row for demonstration.
39,0.07,3356.75,S3,Deterministic synthetic feature row for demonstration.
40,0.20,3430.00,S4,Deterministic synthetic feature row for demonstration.
41,0.33,3503.25,S1,Deterministic synthetic feature row for demonstration.
42,0.46,3576.50,S2,Deterministic synthetic feature row for demonstration.
43,0.59,3649.75,S3,Deterministic synthetic feature row for demonstration.
44,0.72,3723.00,S4,Deterministic synthetic feature row for demonstration.
45,0.85,3796.25,S1,Deterministic synthetic feature row for demonstration.
46,0.98,3869.50,S2,Deterministic synthetic feature row for demonstration.
47,0.11,3942.75,S3,Deterministic synthetic feature row for demonstration.
48,0.24,4016.00,S4,Deterministic synthetic feature row for demonstration.
49,0.37,4089.25,S1,Deterministic synthetic feature row for demonstration.
50,0.50,4162.50,S2,Deterministic synthetic feature row for demonstration.
