ORDER_ID,LINE_NO,SKU,QUANTITY_TXT,UNIT_PRICE_TXT,DISCOUNT_TXT,LINE_COMMENT
ORD-0001,1,SKU-0001,2,13.25,0,Primary item
ORD-0001,2,SKU-0002,2,8.45,0,Accessory item
ORD-0002,1,SKU-0003,3,14.50,0,Primary item
ORD-0002,2,SKU-0004,1,9.40,0,Accessory item
ORD-0003,1,SKU-0005,1,15.75,0,Primary item
ORD-0003,2,SKU-0006,2,10.35,0,Accessory item
ORD-0004,1,SKU-0007,2,17.00,5,Primary item
ORD-0004,2,SKU-0008,1,11.30,0,Accessory item
ORD-0005,1,SKU-0009,3,18.25,0,Primary item
ORD-0005,2,SKU-0010,2,12.25,0,Accessory item
ORD-0006,1,SKU-0011,1,19.50,0,Primary item
ORD-0006,2,SKU-0012,1,13.20,10,Accessory item
ORD-0007,1,SKU-0013,2,20.75,0,Primary item
ORD-0007,2,SKU-0014,2,14.15,0,Accessory item
ORD-0008,1,SKU-0015,3,22.00,5,Primary item
ORD-0008,2,SKU-0016,1,15.10,0,Accessory item
ORD-0009,1,SKU-0017,1,23.25,0,Primary item
ORD-0009,2,SKU-0018,2,16.05,0,Accessory item
ORD-0010,1,SKU-0019,2,24.50,0,Primary item
ORD-0010,2,SKU-0020,1,17.00,0,Accessory item
ORD-0011,1,SKU-0021,3,25.75,0,Primary item
ORD-0011,2,SKU-0022,2,7.50,0,Accessory item
ORD-0012,1,SKU-0023,1,27.00,5,Primary item
ORD-0012,2,SKU-0024,1,8.45,10,Accessory item
ORD-0013,1,SKU-0025,2,28.25,0,Primary item
ORD-0013,2,SKU-0026,2,9.40,0,Accessory item
ORD-0014,1,SKU-0027,3,29.50,0,Primary item
ORD-0014,2,SKU-0028,1,10.35,0,Accessory item
ORD-0015,1,SKU-0029,1,30.75,0,Primary item
ORD-0015,2,SKU-0030,2,11.30,0,Accessory item
ORD-0016,1,SKU-0031,2,32.00,5,Primary item
ORD-0016,2,SKU-0032,1,12.25,0,Accessory item
ORD-0017,1,SKU-0033,3,12.00,0,Primary item
ORD-0017,2,SKU-0034,2,13.20,0,Accessory item
ORD-0018,1,SKU-0035,1,13.25,0,Primary item
ORD-0018,2,SKU-0036,1,14.15,10,Accessory item
ORD-0019,1,SKU-0037,2,14.50,0,Primary item
ORD-0019,2,SKU-0038,2,15.10,0,Accessory item
ORD-0020,1,SKU-0039,3,15.75,5,Primary item
ORD-0020,2,SKU-0040,1,16.05,0,Accessory item
ORD-0021,1,SKU-0041,1,17.00,0,Primary item
ORD-0021,2,SKU-0042,2,17.00,0,Accessory item
ORD-0022,1,SKU-0043,2,18.25,0,Primary item
ORD-0022,2,SKU-0044,1,7.50,0,Accessory item
ORD-0023,1,SKU-0045,3,19.50,0,Primary item
ORD-0023,2,SKU-0046,2,8.45,0,Accessory item
ORD-0024,1,SKU-0047,1,20.75,5,Primary item
ORD-0024,2,SKU-0048,1,9.40,10,Accessory item
ORD-0025,1,SKU-0049,2,22.00,0,Primary item
ORD-0025,2,SKU-0050,2,10.35,0,Accessory item
ORD-0026,1,SKU-0051,3,23.25,0,Primary item
ORD-0026,2,SKU-0052,1,11.30,0,Accessory item
ORD-0027,1,SKU-0053,1,24.50,0,Primary item
ORD-0027,2,SKU-0054,2,12.25,0,Accessory item
ORD-0028,1,SKU-0055,2,25.75,5,Primary item
ORD-0028,2,SKU-0056,1,13.20,0,Accessory item
ORD-0029,1,SKU-0057,3,27.00,0,Primary item
ORD-0029,2,SKU-0058,2,14.15,0,Accessory item
ORD-0030,1,SKU-0059,1,28.25,0,Primary item
ORD-0030,2,SKU-0060,1,15.10,10,Accessory item
ORD-0031,1,SKU-0061,2,29.50,0,Primary item
ORD-0031,2,SKU-0062,2,16.05,0,Accessory item
ORD-0032,1,SKU-0063,3,30.75,5,Primary item
ORD-0032,2,SKU-0064,1,17.00,0,Accessory item
ORD-0033,1,SKU-0065,1,32.00,0,Primary item
ORD-0033,2,SKU-0066,2,7.50,0,Accessory item
ORD-0034,1,SKU-0067,2,12.00,0,Primary item
ORD-0034,2,SKU-0068,1,8.45,0,Accessory item
ORD-0035,1,SKU-0069,3,13.25,0,Primary item
ORD-0035,2,SKU-0070,2,9.40,0,Accessory item
ORD-0036,1,SKU-0071,1,14.50,5,Primary item
ORD-0036,2,SKU-0072,1,10.35,10,Accessory item
ORD-0037,1,SKU-0073,2,15.75,0,Primary item
ORD-0037,2,SKU-0074,2,11.30,0,Accessory item
ORD-0038,1,SKU-0075,3,17.00,0,Primary item
ORD-0038,2,SKU-0076,1,12.25,0,Accessory item
ORD-0039,1,SKU-0077,1,18.25,0,Primary item
ORD-0039,2,SKU-0078,2,13.20,0,Accessory item
ORD-0040,1,SKU-0079,2,19.50,5,Primary item
ORD-0040,2,SKU-0080,1,14.15,0,Accessory item
ORD-0041,1,SKU-0081,3,20.75,0,Primary item
ORD-0041,2,SKU-0082,2,15.10,0,Accessory item
ORD-0042,1,SKU-0083,1,22.00,0,Primary item
ORD-0042,2,SKU-0084,1,16.05,10,Accessory item
ORD-0043,1,SKU-0085,2,23.25,0,Primary item
ORD-0043,2,SKU-0086,2,17.00,0,Accessory item
ORD-0044,1,SKU-0087,3,24.50,5,Primary item
ORD-0044,2,SKU-0088,1,7.50,0,Accessory item
ORD-0045,1,SKU-0089,1,25.75,0,Primary item
ORD-0045,2,SKU-0090,2,8.45,0,Accessory item
ORD-0046,1,SKU-0091,2,27.00,0,Primary item
ORD-0046,2,SKU-0092,1,9.40,0,Accessory item
ORD-0047,1,SKU-0093,3,28.25,0,Primary item
ORD-0047,2,SKU-0094,2,10.35,0,Accessory item
ORD-0048,1,SKU-0095,1,29.50,5,Primary item
ORD-0048,2,SKU-0096,1,11.30,10,Accessory item
ORD-0049,1,SKU-0097,2,30.75,0,Primary item
ORD-0049,2,SKU-0098,2,12.25,0,Accessory item
ORD-0050,1,SKU-0099,3,32.00,0,Primary item
ORD-0050,2,SKU-0100,1,13.20,0,Accessory item
ORD-0051,1,SKU-0101,1,12.00,0,Primary item
ORD-0051,2,SKU-0102,2,14.15,0,Accessory item
ORD-0052,1,SKU-0103,2,13.25,5,Primary item
ORD-0052,2,SKU-0104,1,15.10,0,Accessory item
ORD-0053,1,SKU-0105,3,14.50,0,Primary item
ORD-0053,2,SKU-0106,2,16.05,0,Accessory item
ORD-0054,1,SKU-0107,1,15.75,0,Primary item
ORD-0054,2,SKU-0108,1,17.00,10,Accessory item
ORD-0055,1,SKU-0109,2,17.00,0,Primary item
ORD-0055,2,SKU-0110,2,7.50,0,Accessory item
ORD-0056,1,SKU-0111,3,18.25,5,Primary item
ORD-0056,2,SKU-0112,1,8.45,0,Accessory item
ORD-0057,1,SKU-0113,1,19.50,0,Primary item
ORD-0057,2,SKU-0114,2,9.40,0,Accessory item
ORD-0058,1,SKU-0115,2,20.75,0,Primary item
ORD-0058,2,SKU-0116,1,10.35,0,Accessory item
ORD-0059,1,SKU-0117,3,22.00,0,Primary item
ORD-0059,2,SKU-0118,2,11.30,0,Accessory item
ORD-0060,1,SKU-0119,1,23.25,5,Primary item
ORD-0060,2,SKU-0120,1,12.25,10,Accessory item
ORD-0061,1,SKU-0121,2,24.50,0,Primary item
ORD-0061,2,SKU-0122,2,13.20,0,Accessory item
ORD-0062,1,SKU-0123,3,25.75,0,Primary item
ORD-0062,2,SKU-0124,1,14.15,0,Accessory item
ORD-0063,1,SKU-0125,1,27.00,0,Primary item
ORD-0063,2,SKU-0126,2,15.10,0,Accessory item
ORD-0064,1,SKU-0127,2,28.25,5,Primary item
ORD-0064,2,SKU-0128,1,16.05,0,Accessory item
ORD-0065,1,SKU-0129,3,29.50,0,Primary item
ORD-0065,2,SKU-0130,2,17.00,0,Accessory item
ORD-0066,1,SKU-0131,1,30.75,0,Primary item
ORD-0066,2,SKU-0132,1,7.50,10,Accessory item
ORD-0067,1,SKU-0133,2,32.00,0,Primary item
ORD-0067,2,SKU-0134,2,8.45,0,Accessory item
ORD-0068,1,SKU-0135,3,12.00,5,Primary item
ORD-0068,2,SKU-0136,1,9.40,0,Accessory item
ORD-0069,1,SKU-0137,1,13.25,0,Primary item
ORD-0069,2,SKU-0138,2,10.35,0,Accessory item
ORD-0070,1,SKU-0139,2,14.50,0,Primary item
ORD-0070,2,SKU-0140,1,11.30,0,Accessory item
ORD-0071,1,SKU-0141,3,15.75,0,Primary item
ORD-0071,2,SKU-0142,2,12.25,0,Accessory item
ORD-0072,1,SKU-0143,1,17.00,5,Primary item
ORD-0072,2,SKU-0144,1,13.20,10,Accessory item
ORD-0073,1,SKU-0145,2,18.25,0,Primary item
ORD-0073,2,SKU-0146,2,14.15,0,Accessory item
ORD-0074,1,SKU-0147,3,19.50,0,Primary item
ORD-0074,2,SKU-0148,1,15.10,0,Accessory item
ORD-0075,1,SKU-0149,1,20.75,0,Primary item
ORD-0075,2,SKU-0150,2,16.05,0,Accessory item
ORD-0076,1,SKU-0151,2,22.00,5,Primary item
ORD-0076,2,SKU-0152,1,17.00,0,Accessory item
ORD-0077,1,SKU-0153,3,23.25,0,Primary item
ORD-0077,2,SKU-0154,2,7.50,0,Accessory item
ORD-0078,1,SKU-0155,1,24.50,0,Primary item
ORD-0078,2,SKU-0156,1,8.45,10,Accessory item
ORD-0079,1,SKU-0157,2,25.75,0,Primary item
ORD-0079,2,SKU-0158,2,9.40,0,Accessory item
ORD-0080,1,SKU-0159,3,27.00,5,Primary item
ORD-0080,2,SKU-0160,1,10.35,0,Accessory item
ORD-0081,1,SKU-0161,1,28.25,0,Primary item
ORD-0081,2,SKU-0162,2,11.30,0,Accessory item
ORD-0082,1,SKU-0163,2,29.50,0,Primary item
ORD-0082,2,SKU-0164,1,12.25,0,Accessory item
ORD-0083,1,SKU-0165,3,30.75,0,Primary item
ORD-0083,2,SKU-0166,2,13.20,0,Accessory item
ORD-0084,1,SKU-0167,1,32.00,5,Primary item
ORD-0084,2,SKU-0168,1,14.15,10,Accessory item
ORD-0085,1,SKU-0169,2,12.00,0,Primary item
ORD-0085,2,SKU-0170,2,15.10,0,Accessory item
ORD-0086,1,SKU-0171,3,13.25,0,Primary item
ORD-0086,2,SKU-0172,1,16.05,0,Accessory item
ORD-0087,1,SKU-0173,1,14.50,0,Primary item
ORD-0087,2,SKU-0174,2,17.00,0,Accessory item
ORD-0088,1,SKU-0175,2,15.75,5,Primary item
ORD-0088,2,SKU-0176,1,7.50,0,Accessory item
ORD-0089,1,SKU-0177,3,17.00,0,Primary item
ORD-0089,2,SKU-0178,2,8.45,0,Accessory item
ORD-0090,1,SKU-0179,1,18.25,0,Primary item
ORD-0090,2,SKU-0180,1,9.40,10,Accessory item
ORD-0091,1,SKU-0181,2,19.50,0,Primary item
ORD-0091,2,SKU-0182,2,10.35,0,Accessory item
ORD-0092,1,SKU-0183,3,20.75,5,Primary item
ORD-0092,2,SKU-0184,1,11.30,0,Accessory item
ORD-0093,1,SKU-0185,1,22.00,0,Primary item
ORD-0093,2,SKU-0186,2,12.25,0,Accessory item
ORD-0094,1,SKU-0187,2,23.25,0,Primary item
ORD-0094,2,SKU-0188,1,13.20,0,Accessory item
ORD-0095,1,SKU-0189,3,24.50,0,Primary item
ORD-0095,2,SKU-0190,2,14.15,0,Accessory item
ORD-0096,1,SKU-0191,1,25.75,5,Primary item
ORD-0096,2,SKU-0192,1,15.10,10,Accessory item
ORD-0097,1,SKU-0193,2,27.00,0,Primary item
ORD-0097,2,SKU-0194,2,16.05,0,Accessory item
ORD-0098,1,SKU-0195,3,28.25,0,Primary item
ORD-0098,2,SKU-0196,1,17.00,0,Accessory item
ORD-0099,1,SKU-0197,1,29.50,0,Primary item
ORD-0099,2,SKU-0198,2,7.50,0,Accessory item
ORD-0100,1,SKU-0199,2,30.75,5,Primary item
ORD-0100,2,SKU-0200,1,8.45,0,Accessory item
