CUSTOMER_ID,FULL_NAME,EMAIL,PHONE,SSN,BIRTHDATE_TXT,COUNTRY_CODE,SIGNUP_WHEN_TXT,STATUS_TXT,LAST_PURCHASE_AMT,NOTES
1,Demo Customer 001,customer001@example.invalid,+81-50-1001-2001,999-11-1001,1972-06-22,JP,2022-01-20 09:00:00,ACTIVE,148.75,Synthetic customer record for the AI Ready metadata demonstration. All contact values are artificial.
2,Demo Customer 002,customer002@example.invalid,+81-50-1002-2002,999-12-1002,1972-12-12,US,2022-02-08 09:00:00,ACTIVE,172.50,Synthetic customer record for the AI Ready metadata demonstration. All contact values are artificial.
3,Demo Customer 003,customer003@example.invalid,+81-50-1003-2003,999-13-1003,1973-06-03,GB,2022-02-27 09:00:00,ACTIVE,196.25,Synthetic customer record for the AI Ready metadata demonstration. All contact values are artificial.
4,Demo Customer 004,customer004@example.invalid,+81-50-1004-2004,999-14-1004,1973-11-23,DE,2022-03-18 09:00:00,ACTIVE,220.00,Synthetic customer record for the AI Ready metadata demonstration. All contact values are artificial.
5,Demo Customer 005,customer005@example.invalid,+81-50-1005-2005,999-15-1005,1974-05-15,SG,2022-04-06 09:00:00,ACTIVE,243.75,Synthetic customer record for the AI Ready metadata demonstration. All contact values are artificial.
6,Demo Customer 006,customer006@example.invalid,+81-50-1006-2006,999-16-1006,1974-11-04,AU,2022-04-25 09:00:00,ACTIVE,267.50,Synthetic customer record for the AI Ready metadata demonstration. All contact values are artificial.
7,Demo Customer 007,customer007@example.invalid,+81-50-1007-2007,999-17-1007,1975-04-26,JP,2022-05-14 09:00:00,INACTIVE,291.25,Synthetic customer record for the AI Ready metadata demonstration. All contact values are artificial.
8,Demo Customer 008,customer008@example.invalid,+81-50-1008-2008,999-18-1008,1975-10-16,US,2022-06-02 09:00:00,ACTIVE,315.00,Synthetic customer record for the AI Ready metadata demonstration. All contact values are artificial.
9,Demo Customer 009,customer009@example.invalid,+81-50-1009-2009,999-19-1009,1976-04-06,GB,2022-06-21 09:00:00,ACTIVE,338.75,Synthetic customer record for the AI Ready metadata demonstration. All contact values are artificial.
10,Demo Customer 010,customer010@example.invalid,+81-50-1010-2010,999-20-1010,1976-09-26,DE,2022-07-10 09:00:00,ACTIVE,362.50,Synthetic customer record for the AI Ready metadata demonstration. All contact values are artificial.
11,Demo Customer 011,customer011@example.invalid,+81-50-1011-2011,999-21-1011,1977-03-18,SG,2022-07-29 09:00:00,ACTIVE,386.25,Synthetic customer record for the AI Ready metadata demonstration. All contact values are artificial.
12,Demo Customer 012,customer012@example.invalid,+81-50-1012-2012,999-22-1012,1977-09-07,AU,2022-08-17 09:00:00,ACTIVE,410.00,Synthetic customer record for the AI Ready metadata demonstration. All contact values are artificial.
13,Demo Customer 013,customer013@example.invalid,+81-50-1013-2013,999-23-1013,1978-02-27,JP,2022-09-05 09:00:00,SUSPENDED,433.75,Synthetic customer record for the AI Ready metadata demonstration. All contact values are artificial.
14,Demo Customer 014,customer014@example.invalid,+81-50-1014-2014,999-24-1014,1978-08-19,US,2022-09-24 09:00:00,INACTIVE,457.50,Synthetic customer record for the AI Ready metadata demonstration. All contact values are artificial.
15,Demo Customer 015,customer015@example.invalid,+81-50-1015-2015,999-25-1015,1979-02-08,GB,2022-10-13 09:00:00,ACTIVE,481.25,Synthetic customer record for the AI Ready metadata demonstration. All contact values are artificial.
16,Demo Customer 016,customer016@example.invalid,+81-50-1016-2016,999-26-1016,1979-07-31,DE,2022-11-01 09:00:00,ACTIVE,505.00,Synthetic customer record for the AI Ready metadata demonstration. All contact values are artificial.
17,Demo Customer 017,customer017@example.invalid,+81-50-1017-2017,999-27-1017,1980-01-20,SG,2022-11-20 09:00:00,ACTIVE,528.75,Synthetic customer record for the AI Ready metadata demonstration. All contact values are artificial.
18,Demo Customer 018,customer018@example.invalid,+81-50-1018-2018,999-28-1018,1980-07-11,AU,2022-12-09 09:00:00,ACTIVE,552.50,Synthetic customer record for the AI Ready metadata demonstration. All contact values are artificial.
19,Demo Customer 019,customer019@example.invalid,+81-50-1019-2019,999-29-1019,1980-12-31,JP,2022-12-28 09:00:00,ACTIVE,576.25,Synthetic customer record for the AI Ready metadata demonstration. All contact values are artificial.
20,Demo Customer 020,customer020@example.invalid,+81-50-1020-2020,999-30-1020,1981-06-22,US,2023-01-16 09:00:00,ACTIVE,600.00,Synthetic customer record for the AI Ready metadata demonstration. All contact values are artificial.
21,Demo Customer 021,customer021@example.invalid,+81-50-1021-2021,999-31-1021,1981-12-12,GB,2023-02-04 09:00:00,INACTIVE,623.75,Synthetic customer record for the AI Ready metadata demonstration. All contact values are artificial.
22,Demo Customer 022,customer022@example.invalid,+81-50-1022-2022,999-32-1022,1982-06-03,DE,2023-02-23 09:00:00,ACTIVE,647.50,Synthetic customer record for the AI Ready metadata demonstration. All contact values are artificial.
23,Demo Customer 023,customer023@example.invalid,+81-50-1023-2023,999-33-1023,1982-11-23,SG,2023-03-14 09:00:00,ACTIVE,671.25,Synthetic customer record for the AI Ready metadata demonstration. All contact values are artificial.
24,Demo Customer 024,customer024@example.invalid,+81-50-1024-2024,999-34-1024,1983-05-15,AU,2023-04-02 09:00:00,ACTIVE,695.00,Synthetic customer record for the AI Ready metadata demonstration. All contact values are artificial.
25,Demo Customer 025,customer025@example.invalid,+81-50-1025-2025,999-35-1025,1983-11-04,JP,2023-04-21 09:00:00,ACTIVE,718.75,Synthetic customer record for the AI Ready metadata demonstration. All contact values are artificial.
26,Demo Customer 026,customer026@example.invalid,+81-50-1026-2026,999-36-1026,1984-04-25,US,2023-05-10 09:00:00,SUSPENDED,742.50,Synthetic customer record for the AI Ready metadata demonstration. All contact values are artificial.
27,Demo Customer 027,customer027@example.invalid,+81-50-1027-2027,999-37-1027,1984-10-15,GB,2023-05-29 09:00:00,ACTIVE,766.25,Synthetic customer record for the AI Ready metadata demonstration. All contact values are artificial.
28,Demo Customer 028,customer028@example.invalid,+81-50-1028-2028,999-38-1028,1985-04-06,DE,2023-06-17 09:00:00,INACTIVE,790.00,Synthetic customer record for the AI Ready metadata demonstration. All contact values are artificial.
29,Demo Customer 029,customer029@example.invalid,+81-50-1029-2029,999-39-1029,1985-09-26,SG,2023-07-06 09:00:00,ACTIVE,813.75,Synthetic customer record for the AI Ready metadata demonstration. All contact values are artificial.
30,Demo Customer 030,customer030@example.invalid,+81-50-1030-2030,999-40-1030,1986-03-18,AU,2023-07-25 09:00:00,ACTIVE,837.50,Synthetic customer record for the AI Ready metadata demonstration. All contact values are artificial.
31,Demo Customer 031,customer031@example.invalid,+81-50-1031-2031,999-41-1031,1986-09-07,JP,2023-08-13 09:00:00,ACTIVE,861.25,Synthetic customer record for the AI Ready metadata demonstration. All contact values are artificial.
32,Demo Customer 032,customer032@example.invalid,+81-50-1032-2032,999-42-1032,1987-02-27,US,2023-09-01 09:00:00,ACTIVE,885.00,Synthetic customer record for the AI Ready metadata demonstration. All contact values are artificial.
33,Demo Customer 033,customer033@example.invalid,+81-50-1033-2033,999-43-1033,1987-08-19,GB,2023-09-20 09:00:00,ACTIVE,908.75,Synthetic customer record for the AI Ready metadata demonstration. All contact values are artificial.
34,Demo Customer 034,customer034@example.invalid,+81-50-1034-2034,999-44-1034,1988-02-08,DE,2023-10-09 09:00:00,ACTIVE,932.50,Synthetic customer record for the AI Ready metadata demonstration. All contact values are artificial.
35,Demo Customer 035,customer035@example.invalid,+81-50-1035-2035,999-45-1035,1988-07-30,SG,2023-10-28 09:00:00,INACTIVE,956.25,Synthetic customer record for the AI Ready metadata demonstration. All contact values are artificial.
36,Demo Customer 036,customer036@example.invalid,+81-50-1036-2036,999-46-1036,1989-01-19,AU,2023-11-16 09:00:00,ACTIVE,980.00,Synthetic customer record for the AI Ready metadata demonstration. All contact values are artificial.
37,Demo Customer 037,customer037@example.invalid,+81-50-1037-2037,999-47-1037,1989-07-11,JP,2023-12-05 09:00:00,ACTIVE,1003.75,Synthetic customer record for the AI Ready metadata demonstration. All contact values are artificial.
38,Demo Customer 038,customer038@example.invalid,+81-50-1038-2038,999-48-1038,1989-12-31,US,2023-12-24 09:00:00,ACTIVE,1027.50,Synthetic customer record for the AI Ready metadata demonstration. All contact values are artificial.
39,Demo Customer 039,customer039@example.invalid,+81-50-1039-2039,999-49-1039,1990-06-22,GB,2024-01-12 09:00:00,SUSPENDED,1051.25,Synthetic customer record for the AI Ready metadata demonstration. All contact values are artificial.
40,Demo Customer 040,customer040@example.invalid,+81-50-1040-2040,999-50-1040,1990-12-12,DE,2024-01-31 09:00:00,ACTIVE,1075.00,Synthetic customer record for the AI Ready metadata demonstration. All contact values are artificial.
41,Demo Customer 041,customer041@example.invalid,+81-50-1041-2041,999-51-1041,1991-06-03,SG,2024-02-19 09:00:00,ACTIVE,1098.75,Synthetic customer record for the AI Ready metadata demonstration. All contact values are artificial.
42,Demo Customer 042,customer042@example.invalid,+81-50-1042-2042,999-52-1042,1991-11-23,AU,2024-03-09 09:00:00,INACTIVE,1122.50,Synthetic customer record for the AI Ready metadata demonstration. All contact values are artificial.
43,Demo Customer 043,customer043@example.invalid,+81-50-1043-2043,999-53-1043,1992-05-14,JP,2024-03-28 09:00:00,ACTIVE,1146.25,Synthetic customer record for the AI Ready metadata demonstration. All contact values are artificial.
44,Demo Customer 044,customer044@example.invalid,+81-50-1044-2044,999-54-1044,1992-11-03,US,2024-04-16 09:00:00,ACTIVE,1170.00,Synthetic customer record for the AI Ready metadata demonstration. All contact values are artificial.
45,Demo Customer 045,customer045@example.invalid,+81-50-1045-2045,999-55-1045,1993-04-25,GB,2024-05-05 09:00:00,ACTIVE,1193.75,Synthetic customer record for the AI Ready metadata demonstration. All contact values are artificial.
46,Demo Customer 046,customer046@example.invalid,+81-50-1046-2046,999-56-1046,1993-10-15,DE,2024-05-24 09:00:00,ACTIVE,1217.50,Synthetic customer record for the AI Ready metadata demonstration. All contact values are artificial.
47,Demo Customer 047,customer047@example.invalid,+81-50-1047-2047,999-57-1047,1994-04-06,SG,2024-06-12 09:00:00,ACTIVE,1241.25,Synthetic customer record for the AI Ready metadata demonstration. All contact values are artificial.
48,Demo Customer 048,customer048@example.invalid,+81-50-1048-2048,999-58-1048,1994-09-26,AU,2024-07-01 09:00:00,ACTIVE,1265.00,Synthetic customer record for the AI Ready metadata demonstration. All contact values are artificial.
49,Demo Customer 049,customer049@example.invalid,+81-50-1049-2049,999-59-1049,1995-03-18,JP,2024-07-20 09:00:00,INACTIVE,1288.75,Synthetic customer record for the AI Ready metadata demonstration. All contact values are artificial.
50,Demo Customer 050,customer050@example.invalid,+81-50-1050-2050,999-60-1050,1995-09-07,US,2024-08-08 09:00:00,ACTIVE,1312.50,Synthetic customer record for the AI Ready metadata demonstration. All contact values are artificial.
