ORDER_ID,CUSTOMER_ID,ORDER_TIME_TXT,AMOUNT_TXT,CURRENCY_CODE,SHIPPING_POSTAL_CODE,PAYMENT_CARD_HINT,ORDER_PAYLOAD
ORD-0001,1,2025-01-04,43.40,JPY,101-1001,****-****-****-1001,"{""channel"":""WEB"",""priority"":""STANDARD"",""demo"":true}"
ORD-0002,2,2025-01-07,52.90,USD,102-1002,****-****-****-1002,"{""channel"":""STORE"",""priority"":""STANDARD"",""demo"":true}"
ORD-0003,3,2025-01-10,36.45,GBP,103-1003,****-****-****-1003,"{""channel"":""WEB"",""priority"":""STANDARD"",""demo"":true}"
ORD-0004,4,2025-01-13,43.60,EUR,104-1004,****-****-****-1004,"{""channel"":""STORE"",""priority"":""STANDARD"",""demo"":true}"
ORD-0005,5,2025-01-16,79.25,SGD,105-1005,****-****-****-1005,"{""channel"":""WEB"",""priority"":""STANDARD"",""demo"":true}"
ORD-0006,6,2025-01-19,31.38,AUD,106-1006,****-****-****-1006,"{""channel"":""STORE"",""priority"":""STANDARD"",""demo"":true}"
ORD-0007,7,2025-01-22,69.80,JPY,107-1007,****-****-****-1007,"{""channel"":""WEB"",""priority"":""STANDARD"",""demo"":true}"
ORD-0008,8,2025-01-25,77.80,USD,108-1008,****-****-****-1008,"{""channel"":""STORE"",""priority"":""STANDARD"",""demo"":true}"
ORD-0009,9,2025-01-28,55.35,GBP,109-1009,****-****-****-1009,"{""channel"":""WEB"",""priority"":""STANDARD"",""demo"":true}"
ORD-0010,10,2025-01-31,66.00,EUR,110-1010,****-****-****-1010,"{""channel"":""STORE"",""priority"":""STANDARD"",""demo"":true}"
ORD-0011,11,2025-02-03,92.25,SGD,111-1011,****-****-****-1011,"{""channel"":""WEB"",""priority"":""STANDARD"",""demo"":true}"
ORD-0012,12,2025-02-06,33.25,AUD,112-1012,****-****-****-1012,"{""channel"":""STORE"",""priority"":""STANDARD"",""demo"":true}"
ORD-0013,13,2025-02-09,75.30,JPY,113-1013,****-****-****-1013,"{""channel"":""WEB"",""priority"":""STANDARD"",""demo"":true}"
ORD-0014,14,2025-02-12,98.85,USD,114-1014,****-****-****-1014,"{""channel"":""STORE"",""priority"":""STANDARD"",""demo"":true}"
ORD-0015,15,2025-02-15,53.35,GBP,115-1015,****-****-****-1015,"{""channel"":""WEB"",""priority"":""STANDARD"",""demo"":true}"
ORD-0016,16,2025-02-18,73.05,EUR,116-1016,****-****-****-1016,"{""channel"":""STORE"",""priority"":""STANDARD"",""demo"":true}"
ORD-0017,17,2025-02-21,62.40,SGD,117-1017,****-****-****-1017,"{""channel"":""WEB"",""priority"":""STANDARD"",""demo"":true}"
ORD-0018,18,2025-02-24,25.98,AUD,118-1018,****-****-****-1018,"{""channel"":""STORE"",""priority"":""STANDARD"",""demo"":true}"
ORD-0019,19,2025-02-27,59.20,JPY,119-1019,****-****-****-1019,"{""channel"":""WEB"",""priority"":""STANDARD"",""demo"":true}"
ORD-0020,20,2025-03-02,60.94,USD,120-1020,****-****-****-1020,"{""channel"":""STORE"",""priority"":""STANDARD"",""demo"":true}"
ORD-0021,21,2025-03-05,51.00,GBP,121-1021,****-****-****-1021,"{""channel"":""WEB"",""priority"":""STANDARD"",""demo"":true}"
ORD-0022,22,2025-03-08,44.00,EUR,122-1022,****-****-****-1022,"{""channel"":""STORE"",""priority"":""STANDARD"",""demo"":true}"
ORD-0023,23,2025-03-11,75.40,SGD,123-1023,****-****-****-1023,"{""channel"":""WEB"",""priority"":""STANDARD"",""demo"":true}"
ORD-0024,24,2025-03-14,28.17,AUD,124-1024,****-****-****-1024,"{""channel"":""STORE"",""priority"":""STANDARD"",""demo"":true}"
ORD-0025,25,2025-03-17,64.70,JPY,125-1025,****-****-****-1025,"{""channel"":""WEB"",""priority"":""STANDARD"",""demo"":true}"
ORD-0026,26,2025-03-20,81.05,USD,126-1026,****-****-****-1026,"{""channel"":""STORE"",""priority"":""STANDARD"",""demo"":true}"
ORD-0027,27,2025-03-23,49.00,GBP,127-1027,****-****-****-1027,"{""channel"":""WEB"",""priority"":""STANDARD"",""demo"":true}"
ORD-0028,28,2025-03-26,62.12,EUR,128-1028,****-****-****-1028,"{""channel"":""STORE"",""priority"":""STANDARD"",""demo"":true}"
ORD-0029,29,2025-03-29,109.30,SGD,129-1029,****-****-****-1029,"{""channel"":""WEB"",""priority"":""STANDARD"",""demo"":true}"
ORD-0030,30,2025-04-01,41.84,AUD,130-1030,****-****-****-1030,"{""channel"":""STORE"",""priority"":""STANDARD"",""demo"":true}"
ORD-0031,31,2025-04-04,91.10,JPY,131-1031,****-****-****-1031,"{""channel"":""WEB"",""priority"":""STANDARD"",""demo"":true}"
ORD-0032,32,2025-04-07,104.64,USD,132-1032,****-****-****-1032,"{""channel"":""STORE"",""priority"":""STANDARD"",""demo"":true}"
ORD-0033,33,2025-04-10,47.00,GBP,133-1033,****-****-****-1033,"{""channel"":""WEB"",""priority"":""STANDARD"",""demo"":true}"
ORD-0034,34,2025-04-13,32.45,EUR,134-1034,****-****-****-1034,"{""channel"":""STORE"",""priority"":""STANDARD"",""demo"":true}"
ORD-0035,35,2025-04-16,58.55,SGD,135-1035,****-****-****-1035,"{""channel"":""WEB"",""priority"":""STANDARD"",""demo"":true}"
ORD-0036,36,2025-04-19,23.09,AUD,136-1036,****-****-****-1036,"{""channel"":""STORE"",""priority"":""STANDARD"",""demo"":true}"
ORD-0037,37,2025-04-22,54.10,JPY,137-1037,****-****-****-1037,"{""channel"":""WEB"",""priority"":""STANDARD"",""demo"":true}"
ORD-0038,38,2025-04-25,63.25,USD,138-1038,****-****-****-1038,"{""channel"":""STORE"",""priority"":""STANDARD"",""demo"":true}"
ORD-0039,39,2025-04-28,44.65,GBP,139-1039,****-****-****-1039,"{""channel"":""WEB"",""priority"":""STANDARD"",""demo"":true}"
ORD-0040,40,2025-05-01,51.20,EUR,140-1040,****-****-****-1040,"{""channel"":""STORE"",""priority"":""STANDARD"",""demo"":true}"
ORD-0041,41,2025-05-04,92.45,SGD,141-1041,****-****-****-1041,"{""channel"":""WEB"",""priority"":""STANDARD"",""demo"":true}"
ORD-0042,42,2025-05-07,36.45,AUD,142-1042,****-****-****-1042,"{""channel"":""STORE"",""priority"":""STANDARD"",""demo"":true}"
ORD-0043,43,2025-05-10,80.50,JPY,143-1043,****-****-****-1043,"{""channel"":""WEB"",""priority"":""STANDARD"",""demo"":true}"
ORD-0044,44,2025-05-13,77.33,USD,144-1044,****-****-****-1044,"{""channel"":""STORE"",""priority"":""STANDARD"",""demo"":true}"
ORD-0045,45,2025-05-16,42.65,GBP,145-1045,****-****-****-1045,"{""channel"":""WEB"",""priority"":""STANDARD"",""demo"":true}"
ORD-0046,46,2025-05-19,63.40,EUR,146-1046,****-****-****-1046,"{""channel"":""STORE"",""priority"":""STANDARD"",""demo"":true}"
ORD-0047,47,2025-05-22,105.45,SGD,147-1047,****-****-****-1047,"{""channel"":""WEB"",""priority"":""STANDARD"",""demo"":true}"
ORD-0048,48,2025-05-25,38.20,AUD,148-1048,****-****-****-1048,"{""channel"":""STORE"",""priority"":""STANDARD"",""demo"":true}"
ORD-0049,49,2025-05-28,86.00,JPY,149-1049,****-****-****-1049,"{""channel"":""WEB"",""priority"":""STANDARD"",""demo"":true}"
ORD-0050,50,2025-05-31,109.20,USD,150-1050,****-****-****-1050,"{""channel"":""STORE"",""priority"":""STANDARD"",""demo"":true}"
ORD-0051,1,2025-06-03,40.30,JPY,151-1051,****-****-****-1051,"{""channel"":""WEB"",""priority"":""STANDARD"",""demo"":true}"
ORD-0052,2,2025-06-06,40.27,USD,152-1052,****-****-****-1052,"{""channel"":""STORE"",""priority"":""STANDARD"",""demo"":true}"
ORD-0053,3,2025-06-09,75.60,GBP,153-1053,****-****-****-1053,"{""channel"":""WEB"",""priority"":""STANDARD"",""demo"":true}"
ORD-0054,4,2025-06-12,31.05,EUR,154-1054,****-****-****-1054,"{""channel"":""STORE"",""priority"":""STANDARD"",""demo"":true}"
ORD-0055,5,2025-06-15,49.00,SGD,155-1055,****-****-****-1055,"{""channel"":""WEB"",""priority"":""STANDARD"",""demo"":true}"
ORD-0056,6,2025-06-18,60.46,AUD,156-1056,****-****-****-1056,"{""channel"":""STORE"",""priority"":""STANDARD"",""demo"":true}"
ORD-0057,7,2025-06-21,38.30,JPY,157-1057,****-****-****-1057,"{""channel"":""WEB"",""priority"":""STANDARD"",""demo"":true}"
ORD-0058,8,2025-06-24,51.85,USD,158-1058,****-****-****-1058,"{""channel"":""STORE"",""priority"":""STANDARD"",""demo"":true}"
ORD-0059,9,2025-06-27,88.60,GBP,159-1059,****-****-****-1059,"{""channel"":""WEB"",""priority"":""STANDARD"",""demo"":true}"
ORD-0060,10,2025-06-30,33.11,EUR,160-1060,****-****-****-1060,"{""channel"":""STORE"",""priority"":""STANDARD"",""demo"":true}"
ORD-0061,11,2025-07-03,75.40,SGD,161-1061,****-****-****-1061,"{""channel"":""WEB"",""priority"":""STANDARD"",""demo"":true}"
ORD-0062,12,2025-07-06,91.40,AUD,162-1062,****-****-****-1062,"{""channel"":""STORE"",""priority"":""STANDARD"",""demo"":true}"
ORD-0063,13,2025-07-09,57.20,JPY,163-1063,****-****-****-1063,"{""channel"":""WEB"",""priority"":""STANDARD"",""demo"":true}"
ORD-0064,14,2025-07-12,69.72,USD,164-1064,****-****-****-1064,"{""channel"":""STORE"",""priority"":""STANDARD"",""demo"":true}"
ORD-0065,15,2025-07-15,122.50,GBP,165-1065,****-****-****-1065,"{""channel"":""WEB"",""priority"":""STANDARD"",""demo"":true}"
ORD-0066,16,2025-07-18,37.50,EUR,166-1066,****-****-****-1066,"{""channel"":""STORE"",""priority"":""STANDARD"",""demo"":true}"
ORD-0067,17,2025-07-21,80.90,SGD,167-1067,****-****-****-1067,"{""channel"":""WEB"",""priority"":""STANDARD"",""demo"":true}"
ORD-0068,18,2025-07-24,43.60,AUD,168-1068,****-****-****-1068,"{""channel"":""STORE"",""priority"":""STANDARD"",""demo"":true}"
ORD-0069,19,2025-07-27,33.95,JPY,169-1069,****-****-****-1069,"{""channel"":""WEB"",""priority"":""STANDARD"",""demo"":true}"
ORD-0070,20,2025-07-30,40.30,USD,170-1070,****-****-****-1070,"{""channel"":""STORE"",""priority"":""STANDARD"",""demo"":true}"
ORD-0071,21,2025-08-02,71.75,GBP,171-1071,****-****-****-1071,"{""channel"":""WEB"",""priority"":""STANDARD"",""demo"":true}"
ORD-0072,22,2025-08-05,28.03,EUR,172-1072,****-****-****-1072,"{""channel"":""STORE"",""priority"":""STANDARD"",""demo"":true}"
ORD-0073,23,2025-08-08,64.80,SGD,173-1073,****-****-****-1073,"{""channel"":""WEB"",""priority"":""STANDARD"",""demo"":true}"
ORD-0074,24,2025-08-11,73.60,AUD,174-1074,****-****-****-1074,"{""channel"":""STORE"",""priority"":""STANDARD"",""demo"":true}"
ORD-0075,25,2025-08-14,52.85,JPY,175-1075,****-****-****-1075,"{""channel"":""WEB"",""priority"":""STANDARD"",""demo"":true}"
ORD-0076,26,2025-08-17,58.80,USD,176-1076,****-****-****-1076,"{""channel"":""STORE"",""priority"":""STANDARD"",""demo"":true}"
ORD-0077,27,2025-08-20,84.75,GBP,177-1077,****-****-****-1077,"{""channel"":""WEB"",""priority"":""STANDARD"",""demo"":true}"
ORD-0078,28,2025-08-23,32.10,EUR,178-1078,****-****-****-1078,"{""channel"":""STORE"",""priority"":""STANDARD"",""demo"":true}"
ORD-0079,29,2025-08-26,70.30,SGD,179-1079,****-****-****-1079,"{""channel"":""WEB"",""priority"":""STANDARD"",""demo"":true}"
ORD-0080,30,2025-08-29,87.30,AUD,180-1080,****-****-****-1080,"{""channel"":""STORE"",""priority"":""STANDARD"",""demo"":true}"
ORD-0081,31,2025-09-01,50.85,JPY,181-1081,****-****-****-1081,"{""channel"":""WEB"",""priority"":""STANDARD"",""demo"":true}"
ORD-0082,32,2025-09-04,71.25,USD,182-1082,****-****-****-1082,"{""channel"":""STORE"",""priority"":""STANDARD"",""demo"":true}"
ORD-0083,33,2025-09-07,118.65,GBP,183-1083,****-****-****-1083,"{""channel"":""WEB"",""priority"":""STANDARD"",""demo"":true}"
ORD-0084,34,2025-09-10,43.13,EUR,184-1084,****-****-****-1084,"{""channel"":""STORE"",""priority"":""STANDARD"",""demo"":true}"
ORD-0085,35,2025-09-13,54.20,SGD,185-1085,****-****-****-1085,"{""channel"":""WEB"",""priority"":""STANDARD"",""demo"":true}"
ORD-0086,36,2025-09-16,55.80,AUD,186-1086,****-****-****-1086,"{""channel"":""STORE"",""priority"":""STANDARD"",""demo"":true}"
ORD-0087,37,2025-09-19,48.50,JPY,187-1087,****-****-****-1087,"{""channel"":""WEB"",""priority"":""STANDARD"",""demo"":true}"
ORD-0088,38,2025-09-22,37.42,USD,188-1088,****-****-****-1088,"{""channel"":""STORE"",""priority"":""STANDARD"",""demo"":true}"
ORD-0089,39,2025-09-25,67.90,GBP,189-1089,****-****-****-1089,"{""channel"":""WEB"",""priority"":""STANDARD"",""demo"":true}"
ORD-0090,40,2025-09-28,26.71,EUR,190-1090,****-****-****-1090,"{""channel"":""STORE"",""priority"":""STANDARD"",""demo"":true}"
ORD-0091,41,2025-10-01,59.70,SGD,191-1091,****-****-****-1091,"{""channel"":""WEB"",""priority"":""STANDARD"",""demo"":true}"
ORD-0092,42,2025-10-04,70.44,AUD,192-1092,****-****-****-1092,"{""channel"":""STORE"",""priority"":""STANDARD"",""demo"":true}"
ORD-0093,43,2025-10-07,46.50,JPY,193-1093,****-****-****-1093,"{""channel"":""WEB"",""priority"":""STANDARD"",""demo"":true}"
ORD-0094,44,2025-10-10,59.70,USD,194-1094,****-****-****-1094,"{""channel"":""STORE"",""priority"":""STANDARD"",""demo"":true}"
ORD-0095,45,2025-10-13,101.80,GBP,195-1095,****-****-****-1095,"{""channel"":""WEB"",""priority"":""STANDARD"",""demo"":true}"
ORD-0096,46,2025-10-16,38.05,EUR,196-1096,****-****-****-1096,"{""channel"":""STORE"",""priority"":""STANDARD"",""demo"":true}"
ORD-0097,47,2025-10-19,86.10,SGD,197-1097,****-****-****-1097,"{""channel"":""WEB"",""priority"":""STANDARD"",""demo"":true}"
ORD-0098,48,2025-10-22,101.75,AUD,198-1098,****-****-****-1098,"{""channel"":""STORE"",""priority"":""STANDARD"",""demo"":true}"
ORD-0099,49,2025-10-25,44.50,JPY,199-1099,****-****-****-1099,"{""channel"":""WEB"",""priority"":""STANDARD"",""demo"":true}"
ORD-0100,50,2025-10-28,66.88,USD,200-1100,****-****-****-1100,"{""channel"":""STORE"",""priority"":""STANDARD"",""demo"":true}"
